DATE,NAME_0,N,SCORE
2023-01-01,Argentina,127742,0.6189849867467239
2023-01-01,Bolivia,4214,0.6139665809207404
2023-01-01,Brazil,953329,0.6019984513824713
2023-01-01,Chile,49505,0.6814919097464903
2023-01-01,Colombia,72830,0.628702620884251
2023-01-01,Ecuador,30734,0.6647799877009176
2023-01-01,Paraguay,16352,0.677695395731409
2023-01-01,Peru,38447,0.671978173251489
2023-01-01,Uruguay,28298,0.6453097906919217
2023-01-01,Venezuela,22829,0.6942473750054754
2023-01-02,Argentina,80893,0.5754841843175552
2023-01-02,Bolivia,2248,0.6096194599644127
2023-01-02,Brazil,640526,0.5458752512357031
2023-01-02,Chile,24531,0.6190121068851657
2023-01-02,Colombia,55369,0.5920096417851144
2023-01-02,Ecuador,5918,0.647509344373099
2023-01-02,Paraguay,11612,0.6185933784016535
2023-01-02,Peru,14977,0.5975372946517994
2023-01-02,Uruguay,20432,0.5855466689996084
2023-01-02,Venezuela,11628,0.6409655712074304
2023-01-03,Argentina,45790,0.5719286319938851
2023-01-03,Bolivia,839,0.5646020143027414
2023-01-03,Brazil,354882,0.5488372022644147
2023-01-03,Chile,13866,0.6021972113803548
2023-01-03,Colombia,107416,0.5555255169155433
2023-01-03,Ecuador,12380,0.5862154269789983
2023-01-03,Paraguay,4257,0.5715580542635659
2023-01-03,Peru,7502,0.5916492376699547
2023-01-03,Uruguay,6517,0.5759016088691116
2023-01-03,Venezuela,19549,0.6361736448923219
2023-01-04,Argentina,101308,0.5613157136553876
2023-01-04,Bolivia,1679,0.5792316825491364
2023-01-04,Brazil,809462,0.5529128357044555
2023-01-04,Chile,26387,0.5908347199378482
2023-01-04,Colombia,91221,0.5722673958518324
2023-01-04,Ecuador,16924,0.5997032815528244
2023-01-04,Paraguay,9896,0.5861069012732417
2023-01-04,Peru,14961,0.5805254501036028
2023-01-04,Uruguay,12419,0.5709391540381673
2023-01-04,Venezuela,11103,0.6330175557957309
2023-01-05,Argentina,44652,0.5731721973931739
2023-01-05,Bolivia,858,0.5947733869463869
2023-01-05,Brazil,229861,0.5459390438786919
2023-01-05,Chile,14590,0.5980883986291979
2023-01-05,Colombia,61182,0.5762658169559675
2023-01-05,Ecuador,5313,0.6095116715603237
2023-01-05,Paraguay,3847,0.591590647777489
2023-01-05,Peru,6910,0.5967711259044862
2023-01-05,Uruguay,6541,0.5774389067420883
2023-01-05,Venezuela,14849,0.6439771700451209
2023-01-06,Argentina,122559,0.5730002338139182
2023-01-06,Bolivia,1504,0.5918098670212765
2023-01-06,Brazil,809497,0.5597005385072459
2023-01-06,Chile,32084,0.6144834285625234
2023-01-06,Colombia,141688,0.5808035945598781
2023-01-06,Ecuador,16537,0.6201741323093669
2023-01-06,Paraguay,10843,0.5934428596329429
2023-01-06,Peru,13135,0.5844661064331937
2023-01-06,Uruguay,13436,0.5804759376302472
2023-01-06,Venezuela,30242,0.6414860690430527
2023-01-07,Argentina,120809,0.5733500464203826
2023-01-07,Bolivia,1267,0.5708820347277033
2023-01-07,Brazil,707409,0.5537816352506117
2023-01-07,Chile,27986,0.607075876867005
2023-01-07,Colombia,91592,0.5840572949165866
2023-01-07,Ecuador,14622,0.599299997127616
2023-01-07,Paraguay,10974,0.6003283383451795
2023-01-07,Peru,19349,0.5808253172773786
2023-01-07,Uruguay,11791,0.572249697905182
2023-01-07,Venezuela,10399,0.6418556445812098
2023-01-08,Argentina,108479,0.5651741399256999
2023-01-08,Bolivia,1284,0.6079745132398753
2023-01-08,Brazil,794185,0.5470739878076267
2023-01-08,Chile,30781,0.6075872422273481
2023-01-08,Colombia,108636,0.5701226479620015
2023-01-08,Ecuador,11612,0.5982960458146744
2023-01-08,Paraguay,10390,0.6023231389797883
2023-01-08,Peru,26278,0.5928536159525079
2023-01-08,Uruguay,12921,0.5605160558006346
2023-01-08,Venezuela,13920,0.644470932183908
2023-01-09,Argentina,119542,0.5618898518512322
2023-01-09,Bolivia,1484,0.5803605599730458
2023-01-09,Brazil,793128,0.5313035342781997
2023-01-09,Chile,33726,0.5999968308723239
2023-01-09,Colombia,143509,0.5812126973918011
2023-01-09,Ecuador,12412,0.6070018932484692
2023-01-09,Paraguay,10659,0.5990515978984896
2023-01-09,Peru,21808,0.5846568584464417
2023-01-09,Uruguay,14062,0.5885005081780685
2023-01-09,Venezuela,43420,0.5990007864117918
2023-01-10,Argentina,116255,0.5580497384370565
2023-01-10,Bolivia,2096,0.5844367972328244
2023-01-10,Brazil,832102,0.5412777092339641
2023-01-10,Chile,26713,0.6096704859431737
2023-01-10,Colombia,176370,0.5820408965186823
2023-01-10,Ecuador,17277,0.6137348910111708
2023-01-10,Paraguay,9509,0.5799209127142707
2023-01-10,Peru,32698,0.5520457237445717
2023-01-10,Uruguay,12672,0.5625230634469697
2023-01-10,Venezuela,40081,0.6218738165963923
2023-01-11,Argentina,102354,0.5621646406588897
2023-01-11,Bolivia,2115,0.5748932293144208
2023-01-11,Brazil,923169,0.5538624703071702
2023-01-11,Chile,24577,0.602608345526305
2023-01-11,Colombia,267621,0.5741071633279899
2023-01-11,Ecuador,23277,0.6131115863298535
2023-01-11,Paraguay,9905,0.589084787279152
2023-01-11,Peru,28407,0.5876498996726159
2023-01-11,Uruguay,12946,0.5660145537617797
2023-01-11,Venezuela,42490,0.6515631696869851
2023-01-12,Argentina,126468,0.5691846905778537
2023-01-12,Bolivia,2084,0.6056083838771593
2023-01-12,Brazil,368676,0.5455601756989877
2023-01-12,Chile,28876,0.6157058052015515
2023-01-12,Colombia,69929,0.5980971769080068
2023-01-12,Ecuador,10734,0.6019913805664245
2023-01-12,Paraguay,10664,0.5967044342648162
2023-01-12,Peru,13863,0.5813541439082449
2023-01-12,Uruguay,16206,0.5851003606071825
2023-01-12,Venezuela,22957,0.6431798449710328
2023-01-13,Argentina,98961,0.5738287374016027
2023-01-13,Bolivia,2906,0.615144239160358
2023-01-13,Brazil,477233,0.5568638809805693
2023-01-13,Chile,22269,0.6022916574161391
2023-01-13,Colombia,61065,0.5637573245721772
2023-01-13,Ecuador,9432,0.578677356764207
2023-01-13,Paraguay,12481,0.5806319454370643
2023-01-13,Peru,13808,0.5709708292294322
2023-01-13,Uruguay,13352,0.5789915092121031
2023-01-13,Venezuela,14152,0.6056366194177502
2023-01-14,Argentina,46185,0.5601582353794522
2023-01-14,Bolivia,703,0.6159075917496444
2023-01-14,Brazil,280481,0.5493562091335955
2023-01-14,Chile,13141,0.5895445790274713
2023-01-14,Colombia,77370,0.5733205240274007
2023-01-14,Ecuador,11365,0.5876230137263527
2023-01-14,Paraguay,3916,0.5857220132788559
2023-01-14,Peru,9808,0.5710109949021207
2023-01-14,Uruguay,6665,0.5914605092273069
2023-01-14,Venezuela,16595,0.6465572787586622
2023-01-15,Argentina,87510,0.5741847840932466
2023-01-15,Bolivia,1338,0.5721788946188341
2023-01-15,Brazil,441217,0.5455729135142119
2023-01-15,Chile,18250,0.5971634500273972
2023-01-15,Colombia,125516,0.5653605551802161
2023-01-15,Ecuador,11131,0.5965641881232594
2023-01-15,Paraguay,9094,0.5675548039366616
2023-01-15,Peru,11611,0.5793639036258722
2023-01-15,Uruguay,9076,0.5779791957910974
2023-01-15,Venezuela,47578,0.6245543059817563
2023-01-16,Argentina,152263,0.5591550705949574
2023-01-16,Bolivia,987,0.5753068247213781
2023-01-16,Brazil,319709,0.5379524922914275
2023-01-16,Chile,23202,0.5978564232824757
2023-01-16,Colombia,44400,0.5182090386486486
2023-01-16,Ecuador,5571,0.6093057291330104
2023-01-16,Paraguay,10221,0.5826573629781822
2023-01-16,Peru,6513,0.5764216672808229
2023-01-16,Uruguay,9781,0.5789388129025662
2023-01-16,Venezuela,10711,0.6332533094015498
2023-01-17,Argentina,156975,0.5632810447013855
2023-01-17,Bolivia,1755,0.582152113960114
2023-01-17,Brazil,899144,0.5527338694391555
2023-01-17,Chile,51950,0.6312401269874879
2023-01-17,Colombia,159708,0.5598195984672026
2023-01-17,Ecuador,15252,0.6105529402701285
2023-01-17,Paraguay,15072,0.5653941173036093
2023-01-17,Peru,30609,0.640728127250155
2023-01-17,Uruguay,11640,0.5695080616838488
2023-01-17,Venezuela,57471,0.6340214720293713
2023-01-18,Argentina,123232,0.5671663450564789
2023-01-18,Bolivia,1463,0.6209101380724539
2023-01-18,Brazil,512509,0.5365334534652074
2023-01-18,Chile,17995,0.5933504016671297
2023-01-18,Colombia,91824,0.5773376149481617
2023-01-18,Ecuador,12374,0.6237429217714562
2023-01-18,Paraguay,10065,0.5780223535022355
2023-01-18,Peru,21547,0.5832924995591033
2023-01-18,Uruguay,10375,0.5621152361445783
2023-01-18,Venezuela,40679,0.6337228362299958
2023-01-19,Argentina,224948,0.5528844236001209
2023-01-19,Bolivia,2931,0.5731956867963153
2023-01-19,Brazil,1029889,0.5415237392621924
2023-01-19,Chile,26176,0.598833085612775
2023-01-19,Colombia,180268,0.5747950377992767
2023-01-19,Ecuador,20086,0.6061626113711043
2023-01-19,Paraguay,18919,0.5805351018552777
2023-01-19,Peru,44592,0.5620021672721566
2023-01-19,Uruguay,14427,0.5719847166424066
2023-01-19,Venezuela,63512,0.6170488403923667
2023-01-20,Argentina,120577,0.5487798097978884
2023-01-20,Bolivia,2028,0.593734115877712
2023-01-20,Brazil,788199,0.5525602952794916
2023-01-20,Chile,19665,0.6111689312992628
2023-01-20,Colombia,218060,0.5628280880675043
2023-01-20,Ecuador,36669,0.5605801915514468
2023-01-20,Paraguay,11896,0.5983097184767989
2023-01-20,Peru,37221,0.5511645771204428
2023-01-20,Uruguay,10661,0.5761940445549198
2023-01-20,Venezuela,67931,0.6165680602964774
2023-01-21,Argentina,46870,0.5636387525496054
2023-01-21,Bolivia,737,0.5896523500678427
2023-01-21,Brazil,206550,0.5509884585088356
2023-01-21,Chile,13971,0.6049322841600459
2023-01-21,Colombia,27557,0.5814994245745183
2023-01-21,Ecuador,4693,0.6072581515022374
2023-01-21,Paraguay,4756,0.5919115483599664
2023-01-21,Peru,9279,0.5638944088802672
2023-01-21,Uruguay,6537,0.5692431864769771
2023-01-21,Venezuela,11322,0.6380377326444091
2023-01-22,Argentina,127203,0.5579649595449794
2023-01-22,Bolivia,913,0.5942680284775465
2023-01-22,Brazil,497112,0.564039332669499
2023-01-22,Chile,46292,0.621712023200553
2023-01-22,Colombia,46674,0.5715395796589108
2023-01-22,Ecuador,5212,0.583571892171911
2023-01-22,Paraguay,7999,0.5788059643705464
2023-01-22,Peru,18814,0.5353576895397044
2023-01-22,Uruguay,20875,0.5791393876886228
2023-01-22,Venezuela,21793,0.6419042339742119
2023-01-23,Argentina,87778,0.5616860890428126
2023-01-23,Bolivia,601,0.5983042811980033
2023-01-23,Brazil,807818,0.5342300497661602
2023-01-23,Chile,24416,0.6087773834370904
2023-01-23,Colombia,70704,0.5742908540959493
2023-01-23,Ecuador,6586,0.6182704073792894
2023-01-23,Paraguay,6227,0.5908768040790108
2023-01-23,Peru,20234,0.5704211974893744
2023-01-23,Uruguay,11993,0.5653692965896774
2023-01-23,Venezuela,19635,0.6357674653934301
2023-01-24,Argentina,154144,0.5677433484663691
2023-01-24,Bolivia,676,0.5821973653846154
2023-01-24,Brazil,680803,0.5616022822299549
2023-01-24,Chile,34948,0.6032113217637634
2023-01-24,Colombia,57865,0.5789247770327486
2023-01-24,Ecuador,5823,0.6004508921518118
2023-01-24,Paraguay,6785,0.5854337467943993
2023-01-24,Peru,23751,0.561865912087912
2023-01-24,Uruguay,14570,0.5900556502402197
2023-01-24,Venezuela,19452,0.6260279253547193
2023-01-25,Argentina,105181,0.5617279451897206
2023-01-25,Bolivia,2545,0.5854938880157172
2023-01-25,Brazil,583988,0.5446755163359521
2023-01-25,Chile,44822,0.6013800248538664
2023-01-25,Colombia,72618,0.5614762979564295
2023-01-25,Ecuador,12049,0.6137494270063906
2023-01-25,Paraguay,10576,0.5844922399773073
2023-01-25,Peru,27568,0.578036443049913
2023-01-25,Uruguay,20201,0.5630103428543142
2023-01-25,Venezuela,37182,0.5976669549244258
2023-01-26,Argentina,81355,0.5611240349824842
2023-01-26,Bolivia,1498,0.6026971248331108
2023-01-26,Brazil,439111,0.5411098963542248
2023-01-26,Chile,21536,0.5988933847046805
2023-01-26,Colombia,88618,0.5991822886321063
2023-01-26,Ecuador,18355,0.5700152762190139
2023-01-26,Paraguay,9173,0.5734535281805297
2023-01-26,Peru,14496,0.5713431583195364
2023-01-26,Uruguay,12770,0.562955519733751
2023-01-26,Venezuela,24746,0.6285379127939869
2023-01-27,Argentina,87289,0.5595445876685493
2023-01-27,Bolivia,1906,0.5627431589716682
2023-01-27,Brazil,614519,0.5423116476642708
2023-01-27,Chile,20906,0.607885419735961
2023-01-27,Colombia,120948,0.5654790471194233
2023-01-27,Ecuador,37795,0.5969909992062442
2023-01-27,Paraguay,8387,0.5842552046023607
2023-01-27,Peru,23425,0.5726736065741729
2023-01-27,Uruguay,15422,0.5642991003112436
2023-01-27,Venezuela,27989,0.6331636783021902
2023-01-28,Argentina,141057,0.5684847002842823
2023-01-28,Bolivia,1473,0.6084247101154108
2023-01-28,Brazil,654138,0.547452485033739
2023-01-28,Chile,36400,0.5956875565934066
2023-01-28,Colombia,31182,0.599460038419601
2023-01-28,Ecuador,4804,0.5943859627393839
2023-01-28,Paraguay,17668,0.5821363956305184
2023-01-28,Peru,7070,0.5718399256011316
2023-01-28,Uruguay,18659,0.5756277963985209
2023-01-28,Venezuela,15698,0.6386388229073768
2023-01-29,Argentina,48153,0.5720460243183187
2023-01-29,Bolivia,581,0.6122769259896729
2023-01-29,Brazil,328770,0.5398149231803389
2023-01-29,Chile,16923,0.5923435650889323
2023-01-29,Colombia,83465,0.5760799848679087
2023-01-29,Ecuador,15540,0.5793372685971685
2023-01-29,Paraguay,4648,0.5861467368760758
2023-01-29,Peru,15638,0.5542898939762119
2023-01-29,Uruguay,7508,0.5785242105753863
2023-01-29,Venezuela,40584,0.6297948345160655
2023-01-30,Argentina,162596,0.5626141212206942
2023-01-30,Bolivia,726,0.6113178677685951
2023-01-30,Brazil,747536,0.5387551625125746
2023-01-30,Chile,37089,0.5931299075197498
2023-01-30,Colombia,33024,0.5724490419694768
2023-01-30,Ecuador,22011,0.5883980213529599
2023-01-30,Paraguay,15546,0.5815895682490673
2023-01-30,Peru,25246,0.5633920212310861
2023-01-30,Uruguay,18393,0.569469812917958
2023-01-30,Venezuela,11627,0.631687633525415
2023-01-31,Argentina,150053,0.566689725923507
2023-01-31,Bolivia,657,0.6069636529680363
2023-01-31,Brazil,894510,0.5394714730221015
2023-01-31,Chile,34173,0.592068593919176
2023-01-31,Colombia,163840,0.5672773380310059
2023-01-31,Ecuador,30979,0.5888132118854708
2023-01-31,Paraguay,14028,0.5874740410607356
2023-01-31,Peru,32599,0.5667246583944292
2023-01-31,Uruguay,17963,0.5596388857651841
2023-01-31,Venezuela,63002,0.6321517974826196
2023-02-01,Argentina,123143,0.5662849092356042
2023-02-01,Bolivia,643,0.5931884712286158
2023-02-01,Brazil,678439,0.5459511340533194
2023-02-01,Chile,29791,0.6087319389077238
2023-02-01,Colombia,128163,0.5762938293735321
2023-02-01,Ecuador,26400,0.6054226316287878
2023-02-01,Paraguay,10967,0.5900963334549102
2023-02-01,Peru,32547,0.5628282939441421
2023-02-01,Uruguay,17837,0.5771449950103718
2023-02-01,Venezuela,43373,0.6294868811011459
2023-02-02,Argentina,215652,0.5528352863224083
2023-02-02,Bolivia,590,0.5804233593220339
2023-02-02,Brazil,662791,0.5391772658590717
2023-02-02,Chile,53232,0.5998807505823565
2023-02-02,Colombia,68196,0.5731726012376093
2023-02-02,Ecuador,15277,0.5909430403220528
2023-02-02,Paraguay,18354,0.5771583395445135
2023-02-02,Peru,21897,0.5581758819929672
2023-02-02,Uruguay,28639,0.5555694699186423
2023-02-02,Venezuela,35778,0.6370695825926547
2023-02-03,Argentina,151484,0.5594128293153072
2023-02-03,Bolivia,589,0.6037737045840407
2023-02-03,Brazil,1556495,0.547394494104382
2023-02-03,Chile,37190,0.5729809447700995
2023-02-03,Colombia,348693,0.5580247804544398
2023-02-03,Ecuador,139619,0.6056300325958501
2023-02-03,Paraguay,18187,0.5848287301918953
2023-02-03,Peru,71974,0.5678718113763304
2023-02-03,Uruguay,21571,0.570385999304622
2023-02-03,Venezuela,101677,0.6291045542944815
2023-02-04,Argentina,102861,0.5713261108000117
2023-02-04,Bolivia,2811,0.5870572678762005
2023-02-04,Brazil,495047,0.5498776320106981
2023-02-04,Chile,46960,0.58004521629046
2023-02-04,Colombia,38552,0.5859832440340319
2023-02-04,Ecuador,9606,0.600245224547158
2023-02-04,Paraguay,10063,0.5861107286097585
2023-02-04,Peru,15280,0.5781307710078535
2023-02-04,Uruguay,18840,0.5651957503715499
2023-02-04,Venezuela,23872,0.6221492328669571
2023-02-05,Argentina,85757,0.5640069635714868
2023-02-05,Bolivia,1567,0.5754305532865348
2023-02-05,Brazil,380938,0.54592592595908
2023-02-05,Chile,41388,0.5783389338697207
2023-02-05,Colombia,54676,0.5764411940705246
2023-02-05,Ecuador,11575,0.5817507448812096
2023-02-05,Paraguay,5399,0.5753049709205408
2023-02-05,Peru,9859,0.5676353979105385
2023-02-05,Uruguay,10452,0.5739599628779182
2023-02-05,Venezuela,18194,0.6389318021325712
2023-02-06,Argentina,79937,0.5588749093911455
2023-02-06,Bolivia,2466,0.5948773053527979
2023-02-06,Brazil,543931,0.5432416309605447
2023-02-06,Chile,22544,0.5824033200408091
2023-02-06,Colombia,76535,0.5872977579800092
2023-02-06,Ecuador,24233,0.5615034625098007
2023-02-06,Paraguay,9103,0.5558618452158629
2023-02-06,Peru,16288,0.589328001780452
2023-02-06,Uruguay,13931,0.5579406838705046
2023-02-06,Venezuela,17421,0.6190909845588658
2023-02-07,Argentina,109553,0.5545510396064006
2023-02-07,Bolivia,1498,0.5716151001335114
2023-02-07,Brazil,785981,0.5774113313744225
2023-02-07,Chile,29551,0.5677097132753544
2023-02-07,Colombia,72994,0.5740645430446338
2023-02-07,Ecuador,14424,0.5793604363560731
2023-02-07,Paraguay,10840,0.5822708798892988
2023-02-07,Peru,10143,0.5774214196983141
2023-02-07,Uruguay,11809,0.5740695434837836
2023-02-07,Venezuela,19514,0.6239544032489496
2023-02-08,Argentina,94388,0.5664771679874561
2023-02-08,Bolivia,3388,0.5948098353010626
2023-02-08,Brazil,474327,0.5351172559268184
2023-02-08,Chile,45234,0.5856439925940665
2023-02-08,Colombia,52737,0.5735993402165462
2023-02-08,Ecuador,16609,0.5791444234451201
2023-02-08,Paraguay,11640,0.5780283146907216
2023-02-08,Peru,15540,0.5515626628056628
2023-02-08,Uruguay,15321,0.5687621547549115
2023-02-08,Venezuela,15783,0.6291535169486157
2023-02-09,Argentina,75379,0.5589089847968267
2023-02-09,Bolivia,1466,0.5754979249658937
2023-02-09,Brazil,360734,0.5311096512222303
2023-02-09,Chile,22192,0.5946163314708003
2023-02-09,Colombia,53625,0.5919973410163171
2023-02-09,Ecuador,11868,0.5855577621334682
2023-02-09,Paraguay,6456,0.571116623605948
2023-02-09,Peru,9802,0.5841393163640073
2023-02-09,Uruguay,11528,0.5705343507980569
2023-02-09,Venezuela,16664,0.6274291272203553
2023-02-10,Argentina,77484,0.5656632450699499
2023-02-10,Bolivia,1895,0.6090361451187335
2023-02-10,Brazil,499594,0.5427983599843074
2023-02-10,Chile,23097,0.6003520838204096
2023-02-10,Colombia,95536,0.574007421621169
2023-02-10,Ecuador,40648,0.5522559140179099
2023-02-10,Paraguay,7309,0.5669286165002052
2023-02-10,Peru,16970,0.590409621449617
2023-02-10,Uruguay,13413,0.569222980541266
2023-02-10,Venezuela,20543,0.6351428091807428
2023-02-11,Argentina,127442,0.5613403247516517
2023-02-11,Bolivia,740,0.6131171702702701
2023-02-11,Brazil,592409,0.5479307408277052
2023-02-11,Chile,34218,0.6127164815009645
2023-02-11,Colombia,29078,0.5825819139211775
2023-02-11,Ecuador,4592,0.6082061215156794
2023-02-11,Paraguay,12974,0.5769056791274857
2023-02-11,Peru,16537,0.5844237422748987
2023-02-11,Uruguay,15370,0.5801780002602472
2023-02-11,Venezuela,11407,0.635191662487946
2023-02-12,Argentina,52714,0.5620759013924195
2023-02-12,Bolivia,617,0.6094090324149108
2023-02-12,Brazil,275997,0.5452636912249046
2023-02-12,Chile,14485,0.6156125780462547
2023-02-12,Colombia,64599,0.5670794836607378
2023-02-12,Ecuador,12726,0.5834459366650951
2023-02-12,Paraguay,4991,0.5830076754157484
2023-02-12,Peru,7332,0.5850280249590835
2023-02-12,Uruguay,6990,0.5828584696709586
2023-02-12,Venezuela,20586,0.6370524409793064
2023-02-13,Argentina,59395,0.5551240751578416
2023-02-13,Bolivia,485,0.5782760824742267
2023-02-13,Brazil,223622,0.540450690799653
2023-02-13,Chile,14798,0.6032785923773483
2023-02-13,Colombia,32909,0.5740488979306573
2023-02-13,Ecuador,4994,0.5939206694032839
2023-02-13,Paraguay,5062,0.5821519697747926
2023-02-13,Peru,5598,0.5884815946766703
2023-02-13,Uruguay,7884,0.5687592772704211
2023-02-13,Venezuela,10589,0.6456979478704316
2023-02-14,Argentina,124958,0.5747328849293363
2023-02-14,Bolivia,586,0.625197704778157
2023-02-14,Brazil,579341,0.5391619281942759
2023-02-14,Chile,24554,0.6033648827075018
2023-02-14,Colombia,74766,0.5727414238156381
2023-02-14,Ecuador,20273,0.5943603705421003
2023-02-14,Paraguay,9660,0.6053160044513458
2023-02-14,Peru,11766,0.5963745298317186
2023-02-14,Uruguay,14297,0.577281933692383
2023-02-14,Venezuela,25519,0.6436233602805752
2023-02-15,Argentina,109947,0.5659468156111581
2023-02-15,Bolivia,568,0.5796380070422534
2023-02-15,Brazil,543429,0.5283361983478982
2023-02-15,Chile,19708,0.5999189154150598
2023-02-15,Colombia,80094,0.5450815379054611
2023-02-15,Ecuador,18391,0.5897339706921864
2023-02-15,Paraguay,8171,0.572659890099131
2023-02-15,Peru,10160,0.5883356147637795
2023-02-15,Uruguay,11981,0.5733320082630832
2023-02-15,Venezuela,24445,0.6419738305583964
2023-02-16,Argentina,162312,0.5532240219084233
2023-02-16,Bolivia,722,0.580373962603878
2023-02-16,Brazil,571326,0.5382395032310799
2023-02-16,Chile,42020,0.6091381879819134
2023-02-16,Colombia,49239,0.5658849163467983
2023-02-16,Ecuador,16787,0.5902670035146244
2023-02-16,Paraguay,14268,0.5714946001541912
2023-02-16,Peru,21839,0.5895765967764092
2023-02-16,Uruguay,21539,0.5685616990110961
2023-02-16,Venezuela,13531,0.6252837218239597
2023-02-17,Argentina,157925,0.5604587730631628
2023-02-17,Bolivia,3154,0.5446815729232719
2023-02-17,Brazil,591356,0.5375929526799423
2023-02-17,Chile,50047,0.6007716656343037
2023-02-17,Colombia,41532,0.5662561807281132
2023-02-17,Ecuador,6283,0.5984792794843228
2023-02-17,Paraguay,18155,0.5886904185072983
2023-02-17,Peru,14796,0.5834028106920789
2023-02-17,Uruguay,30115,0.5624286804582433
2023-02-17,Venezuela,18033,0.6500327933233516
2023-02-18,Argentina,79309,0.5686851665258672
2023-02-18,Bolivia,2327,0.5630087632144393
2023-02-18,Brazil,672317,0.5405343443881383
2023-02-18,Chile,30219,0.5959637215659023
2023-02-18,Colombia,39449,0.5676853188927475
2023-02-18,Ecuador,4480,0.5637566075892857
2023-02-18,Paraguay,10778,0.5986102478196326
2023-02-18,Peru,15816,0.567663274848255
2023-02-18,Uruguay,18795,0.5764208566640064
2023-02-18,Venezuela,12659,0.6188491295520974
2023-02-19,Argentina,134960,0.5771749874036752
2023-02-19,Bolivia,1078,0.5807201224489795
2023-02-19,Brazil,312869,0.5447252086879812
2023-02-19,Chile,32908,0.5878953170961467
2023-02-19,Colombia,38827,0.5694078325649677
2023-02-19,Ecuador,3880,0.5975031414948454
2023-02-19,Paraguay,11826,0.5787745553864367
2023-02-19,Peru,6742,0.5928315215069713
2023-02-19,Uruguay,18194,0.5807005663955149
2023-02-19,Venezuela,10005,0.6380360099950025
2023-02-20,Argentina,46891,0.5674726074299973
2023-02-20,Bolivia,796,0.5791909233668341
2023-02-20,Brazil,368639,0.5420734351872699
2023-02-20,Chile,19702,0.6097698147396203
2023-02-20,Colombia,46696,0.5695705048183999
2023-02-20,Ecuador,4308,0.6004345954038998
2023-02-20,Paraguay,4971,0.5673380766445384
2023-02-20,Peru,11702,0.5876815769099301
2023-02-20,Uruguay,6615,0.5678276243386243
2023-02-20,Venezuela,11271,0.6494195694259605
2023-02-21,Argentina,101343,0.563313825562693
2023-02-21,Bolivia,2582,0.6155756692486444
2023-02-21,Brazil,458666,0.5457638376269441
2023-02-21,Chile,36077,0.6099221630956011
2023-02-21,Colombia,49223,0.5736824395099851
2023-02-21,Ecuador,18378,0.5861860051148111
2023-02-21,Paraguay,11345,0.5642992885852799
2023-02-21,Peru,14730,0.6014056351663273
2023-02-21,Uruguay,21112,0.5600479797745358
2023-02-21,Venezuela,15744,0.6441315022865854
2023-02-22,Argentina,125525,0.5592716725194186
2023-02-22,Bolivia,3091,0.5906530514396634
2023-02-22,Brazil,631297,0.5570133106335053
2023-02-22,Chile,61680,0.5861206183365759
2023-02-22,Colombia,65266,0.5731624210155364
2023-02-22,Ecuador,30349,0.5584838546904346
2023-02-22,Paraguay,13621,0.5730280063137801
2023-02-22,Peru,19662,0.5763510866646322
2023-02-22,Uruguay,24711,0.5593917693739631
2023-02-22,Venezuela,16921,0.6842340248212281
2023-02-23,Argentina,117963,0.5563756947686986
2023-02-23,Bolivia,1417,0.5940172117148905
2023-02-23,Brazil,418268,0.5351169359262482
2023-02-23,Chile,41433,0.6123353456906331
2023-02-23,Colombia,49433,0.5689102775878462
2023-02-23,Ecuador,11582,0.5775364202210326
2023-02-23,Paraguay,9977,0.5609548767164478
2023-02-23,Peru,10276,0.5780692395873881
2023-02-23,Uruguay,26631,0.5665439588825054
2023-02-23,Venezuela,11839,0.6265668743137089
2023-02-24,Argentina,55242,0.5707119662213533
2023-02-24,Bolivia,2140,0.5598004752336447
2023-02-24,Brazil,464224,0.5463104339370649
2023-02-24,Chile,23387,0.6189331539316714
2023-02-24,Colombia,76942,0.5756818475864937
2023-02-24,Ecuador,28209,0.5700989231805452
2023-02-24,Paraguay,6552,0.5789181535409035
2023-02-24,Peru,12868,0.5926753453528132
2023-02-24,Uruguay,7826,0.5712870428060312
2023-02-24,Venezuela,14562,0.6449721516961955
2023-02-25,Argentina,108949,0.5604243416460913
2023-02-25,Bolivia,1472,0.5818523790760871
2023-02-25,Brazil,582500,0.5458870827313305
2023-02-25,Chile,37437,0.6033383260143708
2023-02-25,Colombia,93528,0.5741910222607134
2023-02-25,Ecuador,25678,0.5649735382428538
2023-02-25,Paraguay,9415,0.5974431245884226
2023-02-25,Peru,13894,0.5748883333813156
2023-02-25,Uruguay,13678,0.5756762606375201
2023-02-25,Venezuela,15880,0.6515565420025189
2023-02-26,Argentina,48290,0.5720848404638641
2023-02-26,Bolivia,621,0.5991267037037037
2023-02-26,Brazil,222671,0.5464504648382591
2023-02-26,Chile,14428,0.6081577350984197
2023-02-26,Colombia,29860,0.5763405383791025
2023-02-26,Ecuador,5538,0.5748817703141929
2023-02-26,Paraguay,4383,0.5581727273556926
2023-02-26,Peru,4766,0.5764179022240873
2023-02-26,Uruguay,7297,0.5698087072769631
2023-02-26,Venezuela,10807,0.6356182105117054
2023-02-27,Argentina,217508,0.5559228592741416
2023-02-27,Bolivia,788,0.6266057157360405
2023-02-27,Brazil,541117,0.5277310898049775
2023-02-27,Chile,60432,0.5793272420571883
2023-02-27,Colombia,60399,0.5642874782032814
2023-02-27,Ecuador,24629,0.4929955351008973
2023-02-27,Paraguay,8645,0.5388095412377096
2023-02-27,Peru,13458,0.5664036940853024
2023-02-27,Uruguay,21773,0.5612931855509117
2023-02-27,Venezuela,12562,0.6405265604999204
2023-02-28,Argentina,122993,0.5623184376671844
2023-02-28,Bolivia,2922,0.5855364000684462
2023-02-28,Brazil,710715,0.5419477789592172
2023-02-28,Chile,41166,0.6001781217995433
2023-02-28,Colombia,95246,0.5586765670894316
2023-02-28,Ecuador,21229,0.6176780485656413
2023-02-28,Paraguay,12391,0.5760121892502622
2023-02-28,Peru,21507,0.5760150846701073
2023-02-28,Uruguay,16413,0.5694886448546884
2023-02-28,Venezuela,20785,0.6272316763050276
2023-03-01,Argentina,97559,0.5528465013171516
2023-03-01,Bolivia,1678,0.62108755363528
2023-03-01,Brazil,388647,0.5268842566982377
2023-03-01,Chile,25354,0.5941389792932081
2023-03-01,Colombia,56762,0.5857704046369049
2023-03-01,Ecuador,11327,0.6047582558488567
2023-03-01,Paraguay,6300,0.5707532374603175
2023-03-01,Peru,11411,0.5905043004995181
2023-03-01,Uruguay,9283,0.5628275466982656
2023-03-01,Venezuela,13453,0.6421247720211106
2023-03-02,Argentina,79753,0.5612500442616578
2023-03-02,Bolivia,2174,0.6132579020239189
2023-03-02,Brazil,450976,0.5474367589650004
2023-03-02,Chile,19723,0.6034375876387973
2023-03-02,Colombia,102461,0.5760349195303579
2023-03-02,Ecuador,18415,0.5869669421124084
2023-03-02,Paraguay,7836,0.5901401272332822
2023-03-02,Peru,13429,0.597319979819793
2023-03-02,Uruguay,10903,0.5670172212235165
2023-03-02,Venezuela,20142,0.6400290194121735
2023-03-03,Argentina,135820,0.5649379885436607
2023-03-03,Bolivia,1694,0.5860176505312868
2023-03-03,Brazil,696572,0.5430719086741931
2023-03-03,Chile,32154,0.6025761439945263
2023-03-03,Colombia,35999,0.5774433301202812
2023-03-03,Ecuador,24314,0.5805019360450769
2023-03-03,Paraguay,12665,0.582329662218713
2023-03-03,Peru,16145,0.5778180663363269
2023-03-03,Uruguay,13469,0.5570630394981069
2023-03-03,Venezuela,11209,0.6372086145954143
2023-03-04,Argentina,51600,0.5689485826937984
2023-03-04,Bolivia,569,0.5877292899824252
2023-03-04,Brazil,227881,0.546766424791887
2023-03-04,Chile,14750,0.6030557130169492
2023-03-04,Colombia,70828,0.5650945052803975
2023-03-04,Ecuador,5725,0.5923828165938865
2023-03-04,Paraguay,5996,0.568631164442962
2023-03-04,Peru,5562,0.5884266912980942
2023-03-04,Uruguay,7946,0.5726582970047822
2023-03-04,Venezuela,14678,0.6264852082027523
2023-03-05,Argentina,135845,0.5702585147778719
2023-03-05,Bolivia,1348,0.594347762611276
2023-03-05,Brazil,625542,0.5428783812421868
2023-03-05,Chile,31405,0.6035217523961154
2023-03-05,Colombia,107534,0.5789263002306247
2023-03-05,Ecuador,18954,0.6125171791178643
2023-03-05,Paraguay,10733,0.5785976230317712
2023-03-05,Peru,17130,0.5818654972562757
2023-03-05,Uruguay,11400,0.5878601257894738
2023-03-05,Venezuela,23996,0.653103403275546
2023-03-06,Argentina,134337,0.5635514273506181
2023-03-06,Bolivia,1495,0.5809690053511705
2023-03-06,Brazil,671692,0.5600669352098878
2023-03-06,Chile,29537,0.6184810000338559
2023-03-06,Colombia,104143,0.582172585646659
2023-03-06,Ecuador,13043,0.5768490030667791
2023-03-06,Paraguay,13008,0.5765060854089791
2023-03-06,Peru,21921,0.5648330160576617
2023-03-06,Uruguay,12805,0.5794900432643498
2023-03-06,Venezuela,17563,0.6399530042134032
2023-03-07,Argentina,119389,0.5558555059176306
2023-03-07,Bolivia,1332,0.5696124864864864
2023-03-07,Brazil,542916,0.539697706370783
2023-03-07,Chile,26039,0.6003465507892009
2023-03-07,Colombia,85548,0.5652771793963622
2023-03-07,Ecuador,12274,0.5696532492260061
2023-03-07,Paraguay,10888,0.5597292297024247
2023-03-07,Peru,14991,0.5726167392435463
2023-03-07,Uruguay,12853,0.5643537091729558
2023-03-07,Venezuela,13571,0.6174039128288261
2023-03-09,Argentina,130816,0.5641103814747431
2023-03-09,Bolivia,2469,0.5680851684892668
2023-03-09,Brazil,1260171,0.5336320736749218
2023-03-09,Chile,36109,0.5794223000913901
2023-03-09,Colombia,272330,0.5674868973818529
2023-03-09,Ecuador,83921,0.5730249688635741
2023-03-09,Paraguay,18252,0.5703910650887574
2023-03-09,Peru,46835,0.5439942988149888
2023-03-09,Uruguay,13555,0.5655815944669864
2023-03-09,Venezuela,30481,0.5997000491125619
2023-03-10,Argentina,105210,0.5596167717422298
2023-03-10,Bolivia,2898,0.5557332739820566
2023-03-10,Brazil,429446,0.5433917663245205
2023-03-10,Chile,36062,0.5974373087183185
2023-03-10,Colombia,65050,0.5595880200153728
2023-03-10,Ecuador,19292,0.585692645034211
2023-03-10,Paraguay,12283,0.6059030913457625
2023-03-10,Peru,21746,0.5580316581440266
2023-03-10,Uruguay,13339,0.5680450718944448
2023-03-10,Venezuela,12677,0.6483621403328863
2023-03-11,Argentina,73002,0.5602098500999972
2023-03-11,Bolivia,1456,0.5829780212912088
2023-03-11,Brazil,373031,0.5507844000284159
2023-03-11,Chile,20576,0.6084435590007775
2023-03-11,Colombia,51138,0.5768836216121084
2023-03-11,Ecuador,12082,0.5791362219003476
2023-03-11,Paraguay,6844,0.5631626668614845
2023-03-11,Peru,11161,0.5373676915150972
2023-03-11,Uruguay,8742,0.5704456126744453
2023-03-11,Venezuela,11462,0.6273134322107835
2023-03-12,Argentina,71777,0.5629609775554844
2023-03-12,Bolivia,2126,0.555136987770461
2023-03-12,Brazil,444531,0.5461036314407769
2023-03-12,Chile,21871,0.5940649936445521
2023-03-12,Colombia,81920,0.5702013510864258
2023-03-12,Ecuador,26647,0.5835589286974143
2023-03-12,Paraguay,7863,0.5648051095001907
2023-03-12,Peru,14781,0.5815169896488736
2023-03-12,Uruguay,10637,0.5744460048885964
2023-03-12,Venezuela,13838,0.6305115606301488
2023-03-13,Argentina,143691,0.5551959329046356
2023-03-13,Bolivia,1701,0.5913814562022341
2023-03-13,Brazil,660741,0.5503330332671955
2023-03-13,Chile,32496,0.6048411660819794
2023-03-13,Colombia,33277,0.5726483233464555
2023-03-13,Ecuador,5656,0.61083933645686
2023-03-13,Paraguay,13905,0.5564680478964402
2023-03-13,Peru,24605,0.5502006211339159
2023-03-13,Uruguay,14853,0.5420086202787316
2023-03-13,Venezuela,11980,0.637349720200334
2023-03-14,Argentina,49969,0.5466350749664792
2023-03-14,Bolivia,622,0.5668013167202571
2023-03-14,Brazil,268670,0.5286943365169168
2023-03-14,Chile,13845,0.5928753073311666
2023-03-14,Colombia,54694,0.560257075511025
2023-03-14,Ecuador,10872,0.5934446212288448
2023-03-14,Paraguay,4670,0.563483137044968
2023-03-14,Peru,6600,0.5616640506060605
2023-03-14,Uruguay,6452,0.5600114181649102
2023-03-14,Venezuela,10349,0.6259832013721133
2023-03-15,Argentina,46247,0.5432812095271045
2023-03-15,Bolivia,404,0.5780035940594058
2023-03-15,Brazil,284847,0.536043691269348
2023-03-15,Chile,6772,0.5770008684288246
2023-03-15,Colombia,27314,0.5734250030387347
2023-03-15,Ecuador,14970,0.5568087525050099
2023-03-15,Paraguay,3380,0.5506614192307692
2023-03-15,Peru,10732,0.527501300782706
2023-03-15,Uruguay,2077,0.5497208998555609
2023-03-15,Venezuela,1334,0.5901057083958021
2023-03-20,Argentina,325070,0.5548920047743563
2023-03-20,Bolivia,1476,0.5978899600271003
2023-03-20,Brazil,1687544,0.5347617100194128
2023-03-20,Chile,74279,0.5939606478950983
2023-03-20,Colombia,116288,0.5786945698868327
2023-03-20,Ecuador,66983,0.5768457142259976
2023-03-20,Paraguay,27430,0.5626718935107546
2023-03-20,Peru,49190,0.5700987622687539
2023-03-20,Uruguay,43004,0.551362699260534
2023-03-20,Venezuela,25579,0.6322527076508073
2023-03-21,Argentina,37698,0.5658550330256246
2023-03-21,Bolivia,463,0.6013959265658747
2023-03-21,Brazil,154670,0.5363258368914463
2023-03-21,Chile,12706,0.5849299678891862
2023-03-21,Colombia,37765,0.5766410739573679
2023-03-21,Ecuador,3997,0.5922376007005254
2023-03-21,Paraguay,3670,0.5747872580381471
2023-03-21,Peru,4395,0.597295058248009
2023-03-21,Uruguay,5207,0.5693266247359323
2023-03-21,Venezuela,10474,0.6130967332442239
2023-03-22,Argentina,86384,0.5527420531579923
2023-03-22,Bolivia,512,0.5759266953125001
2023-03-22,Brazil,423705,0.5278587906184727
2023-03-22,Chile,19350,0.5963557528165375
2023-03-22,Colombia,51036,0.5643832671447605
2023-03-22,Ecuador,13492,0.57351396412689
2023-03-22,Paraguay,6556,0.5832773607382551
2023-03-22,Peru,7711,0.5550813785501232
2023-03-22,Uruguay,8789,0.5557382628285357
2023-03-22,Venezuela,11434,0.6236062066643345
2023-04-04,Argentina,22442,0.5667812380358257
2023-04-04,Bolivia,297,0.6082183265993266
2023-04-04,Brazil,95606,0.5410157114407046
2023-04-04,Chile,7076,0.59499177642736
2023-04-04,Colombia,14162,0.5787963986018924
2023-04-04,Ecuador,2469,0.5897426484406642
2023-04-04,Paraguay,2002,0.567723576923077
2023-04-04,Peru,3013,0.5863218981081979
2023-04-04,Uruguay,2744,0.5842207361516034
2023-04-04,Venezuela,4988,0.642589252606255
2023-04-05,Argentina,80296,0.5479497116294709
2023-04-05,Bolivia,4104,0.599884132797271
2023-04-05,Brazil,402688,0.5248745062877463
2023-04-05,Chile,19175,0.6016118090743156
2023-04-05,Colombia,20948,0.5822122814111133
2023-04-05,Ecuador,8427,0.5889521807286103
2023-04-05,Paraguay,8780,0.590345530523918
2023-04-05,Peru,7924,0.5977757412922766
2023-04-05,Uruguay,24542,0.5588326423274387
2023-04-05,Venezuela,10891,0.6521432926269397
2023-04-06,Argentina,34197,0.5631431927654473
2023-04-06,Bolivia,1616,0.5881354925742573
2023-04-06,Brazil,398799,0.5376105188001976
2023-04-06,Chile,15167,0.5640253284762973
2023-04-06,Colombia,13969,0.581024721025127
2023-04-06,Ecuador,22903,0.5543011861328211
2023-04-06,Paraguay,5371,0.5801010765220629
2023-04-06,Peru,13905,0.5462610189140596
2023-04-06,Uruguay,9835,0.5620758168784952
2023-04-06,Venezuela,5947,0.646810981839583
2023-04-07,Argentina,19789,0.5681318313204305
2023-04-07,Bolivia,248,0.5969411169354838
2023-04-07,Brazil,91633,0.5424323852651337
2023-04-07,Chile,7998,0.5865772558139536
2023-04-07,Colombia,12598,0.5818901739164947
2023-04-07,Ecuador,2159,0.6032752579898101
2023-04-07,Paraguay,1819,0.5580796344145135
2023-04-07,Peru,2546,0.587360412804399
2023-04-07,Uruguay,2711,0.5782591578753229
2023-04-07,Venezuela,4364,0.6436071070119157
2023-04-08,Argentina,36482,0.5669181812126528
2023-04-08,Bolivia,344,0.5963115494186048
2023-04-08,Brazil,237673,0.5404022804525546
2023-04-08,Chile,10425,0.5896605836930455
2023-04-08,Colombia,12452,0.5726061568422743
2023-04-08,Ecuador,2279,0.5865565506801229
2023-04-08,Paraguay,3106,0.5674212401802963
2023-04-08,Peru,6452,0.6116702238065717
2023-04-08,Uruguay,6955,0.5590928189791516
2023-04-08,Venezuela,4465,0.6344705610302351
2023-04-09,Argentina,31342,0.5586269138217089
2023-04-09,Bolivia,242,0.6036509008264462
2023-04-09,Brazil,182895,0.5430640542770442
2023-04-09,Chile,8608,0.58680234491171
2023-04-09,Colombia,14038,0.5692459110272118
2023-04-09,Ecuador,2075,0.58503136
2023-04-09,Paraguay,2495,0.5764108092184368
2023-04-09,Peru,3940,0.55879983071066
2023-04-09,Uruguay,4407,0.5689343349217155
2023-04-09,Venezuela,4453,0.6431422369189311
2023-04-10,Argentina,33033,0.5505995386129022
2023-04-10,Bolivia,274,0.583377186131387
2023-04-10,Brazil,275737,0.5306286566982306
2023-04-10,Chile,7678,0.5950414938786142
2023-04-10,Colombia,14089,0.5731709563489247
2023-04-10,Ecuador,2154,0.5883735413184773
2023-04-10,Paraguay,2833,0.56337667102012
2023-04-10,Peru,6400,0.5757320926562501
2023-04-10,Uruguay,4845,0.5426842006191951
2023-04-10,Venezuela,4578,0.6348557778505898
2023-04-11,Argentina,65597,0.5636298877387685
2023-04-11,Bolivia,299,0.5762506555183946
2023-04-11,Brazil,129221,0.5311367935552271
2023-04-11,Chile,8645,0.6003732695199537
2023-04-11,Colombia,15291,0.5774729631155582
2023-04-11,Ecuador,2368,0.5834432757601352
2023-04-11,Paraguay,3849,0.5820043089114056
2023-04-11,Peru,2751,0.5779188476917484
2023-04-11,Uruguay,7007,0.5665995096332239
2023-04-11,Venezuela,4820,0.6158042012448133
2023-04-12,Argentina,23868,0.5618127533098709
2023-04-12,Bolivia,334,0.5968270988023954
2023-04-12,Brazil,222794,0.5258709631139079
2023-04-12,Chile,7311,0.5945662738339488
2023-04-12,Colombia,15124,0.572833448227982
2023-04-12,Ecuador,2454,0.5795074710676447
2023-04-12,Paraguay,2262,0.5558431560565871
2023-04-12,Peru,4058,0.5696453282405126
2023-04-12,Uruguay,3224,0.5696751274813895
2023-04-12,Venezuela,4971,0.612287249849125
2023-04-13,Argentina,23419,0.5649337766343567
2023-04-13,Bolivia,273,0.5765976886446886
2023-04-13,Brazil,99796,0.5313938362459417
2023-04-13,Chile,7081,0.6026664464058749
2023-04-13,Colombia,15131,0.5757644111426872
2023-04-13,Ecuador,2395,0.6015528668058456
2023-04-13,Paraguay,2616,0.5686299533639144
2023-04-13,Peru,2752,0.5882975065406977
2023-04-13,Uruguay,3263,0.5665335038308306
2023-04-13,Venezuela,4624,0.6270564855103806
2023-04-14,Argentina,61702,0.5646856668665521
2023-04-14,Bolivia,306,0.596029160130719
2023-04-14,Brazil,243849,0.5209018525111853
2023-04-14,Chile,8190,0.6099499538461539
2023-04-14,Colombia,14655,0.5772679271238486
2023-04-14,Ecuador,2496,0.5990982744391026
2023-04-14,Paraguay,2372,0.578573600337268
2023-04-14,Peru,4250,0.5842540832941175
2023-04-14,Uruguay,4538,0.5708145769061261
2023-04-14,Venezuela,4416,0.6344521542119564
2023-04-15,Argentina,61630,0.5633339542106117
2023-04-15,Bolivia,291,0.6122198659793815
2023-04-15,Brazil,410128,0.5344178731054695
2023-04-15,Chile,8533,0.5887864337278801
2023-04-15,Colombia,13129,0.5764305226597608
2023-04-15,Ecuador,2150,0.5991112688372093
2023-04-15,Paraguay,3023,0.5853286774727092
2023-04-15,Peru,7295,0.5832752889650447
2023-04-15,Uruguay,7810,0.5617734423815621
2023-04-15,Venezuela,4330,0.6458629
2023-04-16,Argentina,47537,0.5653589915223931
2023-04-16,Bolivia,258,0.5991192131782946
2023-04-16,Brazil,240906,0.5390529277436013
2023-04-16,Chile,7419,0.6125453810486589
2023-04-16,Colombia,13351,0.5707863394502284
2023-04-16,Ecuador,2838,0.5757954105003523
2023-04-16,Paraguay,2666,0.5597693795948987
2023-04-16,Peru,4343,0.5876665118581625
2023-04-16,Uruguay,4965,0.5830104918429002
2023-04-16,Venezuela,4142,0.6399183087880251
2023-04-17,Argentina,88934,0.5549213291542042
2023-04-17,Bolivia,274,0.5778522372262774
2023-04-17,Brazil,791713,0.5236464832799259
2023-04-17,Chile,8843,0.5908074212371367
2023-04-17,Colombia,14346,0.569929411264464
2023-04-17,Ecuador,2325,0.5926936047311828
2023-04-17,Paraguay,4328,0.5899873553604437
2023-04-17,Peru,10511,0.5645869762153933
2023-04-17,Uruguay,8663,0.5797229427450075
2023-04-17,Venezuela,4754,0.6414646689103912
2023-04-18,Argentina,40651,0.560359341639812
2023-04-18,Bolivia,321,0.6171600934579439
2023-04-18,Brazil,246889,0.5249974982360495
2023-04-18,Chile,10673,0.5945253216527687
2023-04-18,Colombia,15242,0.5772577811310853
2023-04-18,Ecuador,7234,0.6052850645562621
2023-04-18,Paraguay,4171,0.5935545888276192
2023-04-18,Peru,5778,0.5680833862928348
2023-04-18,Uruguay,6278,0.5509518620579803
2023-04-18,Venezuela,5654,0.6293976993279095
2023-04-19,Argentina,30592,0.563632545502092
2023-04-19,Bolivia,277,0.5951859891696751
2023-04-19,Brazil,183598,0.5257534380222006
2023-04-19,Chile,7920,0.5923783593434343
2023-04-19,Colombia,17953,0.5694076947585361
2023-04-19,Ecuador,4273,0.5773391598408611
2023-04-19,Paraguay,2590,0.5704987918918919
2023-04-19,Peru,4382,0.5577357286627111
2023-04-19,Uruguay,4265,0.569138671277843
2023-04-19,Venezuela,4786,0.6500001667363142
2023-04-20,Argentina,19111,0.5707123103448276
2023-04-20,Bolivia,184,0.5898522608695653
2023-04-20,Brazil,250345,0.5294637755417525
2023-04-20,Chile,6313,0.5954512033898305
2023-04-20,Colombia,12217,0.5833222331177866
2023-04-20,Ecuador,9118,0.5684252838341742
2023-04-20,Paraguay,1545,0.555984969579288
2023-04-20,Peru,7457,0.5388534126324259
2023-04-20,Uruguay,5899,0.5536443170028819
2023-04-20,Venezuela,2382,0.6357681771620487
2023-04-21,Argentina,18508,0.5580821275664578
2023-04-21,Brazil,7347,0.5398072897781407
2023-04-21,Chile,2248,0.6052792255338079
2023-04-21,Ecuador,5,0.1335946
2023-04-21,Peru,1,0.2535
2023-04-21,Uruguay,3238,0.5777287764051884
2023-04-22,Argentina,179,0.5279212960893854
2023-04-22,Brazil,106460,0.5435212269209093
2023-04-22,Colombia,5050,0.5672246605940594
2023-04-22,Ecuador,2251,0.5516804069302533
2023-04-22,Paraguay,650,0.5538322692307693
2023-04-22,Peru,1333,0.5798243068267067
2023-04-22,Venezuela,18,0.6413034999999999
2023-04-24,Argentina,8966,0.5504743475351327
2023-04-24,Brazil,143758,0.5321250043197596
2023-04-24,Chile,1126,0.6195761039076376
2023-04-24,Colombia,4919,0.5655517948770075
2023-04-24,Ecuador,1878,0.5591380127795527
2023-04-24,Paraguay,694,0.5303483904899136
2023-04-24,Peru,3205,0.6335543507020281
2023-04-24,Uruguay,1039,0.5756501597690087
2023-04-25,Argentina,8303,0.5374306237504516
2023-04-25,Brazil,125449,0.532033246538434
2023-04-25,Chile,782,0.6202384859335038
2023-04-25,Colombia,6309,0.5510603788239024
2023-04-25,Ecuador,2019,0.5611055988112927
2023-04-25,Paraguay,936,0.5283974230769231
2023-04-25,Peru,4074,0.5718321109474718
2023-04-25,Uruguay,1185,0.5371574185654009
2023-04-26,Argentina,28182,0.5553112154211908
2023-04-26,Brazil,217722,0.5303184880673519
2023-04-26,Chile,3631,0.5968426309556596
2023-04-26,Colombia,5024,0.5575283925159236
2023-04-26,Ecuador,2029,0.5869416175455889
2023-04-26,Paraguay,4555,0.5790612928649834
2023-04-26,Peru,3718,0.5562304467455621
2023-04-26,Uruguay,6901,0.5476555432546008
2023-04-26,Venezuela,4,0.814153
2023-04-27,Argentina,12765,0.5577778238934586
2023-04-27,Brazil,336567,0.5344665400499752
2023-04-27,Chile,1128,0.6057308865248228
2023-04-27,Colombia,11505,0.5781641029986962
2023-04-27,Ecuador,9158,0.6250204113343526
2023-04-27,Paraguay,1937,0.5770467139907072
2023-04-27,Peru,12328,0.5650438453926022
2023-04-27,Uruguay,2408,0.5869159663621263
2023-04-28,Argentina,7230,0.5430692190871369
2023-04-28,Brazil,252534,0.5399766753427261
2023-04-28,Chile,627,0.6188995263157895
2023-04-28,Colombia,12535,0.5530837838851217
2023-04-28,Ecuador,27001,0.5746328551535129
2023-04-28,Paraguay,2097,0.5906499380066761
2023-04-28,Peru,4125,0.5665695052121212
2023-04-28,Uruguay,2744,0.5706547762390671
2023-04-29,Argentina,37614,0.5601937393789546
2023-04-29,Bolivia,206,0.4270986262135922
2023-04-29,Brazil,147153,0.5261563144210447
2023-04-29,Chile,7339,0.5848600288867692
2023-04-29,Colombia,957,0.56196665830721
2023-04-29,Ecuador,1218,0.5469283037766831
2023-04-29,Paraguay,3030,0.6359383722772279
2023-04-29,Peru,1487,0.5652662057834567
2023-04-29,Uruguay,8627,0.5830515286889997
2023-04-29,Venezuela,853,0.6179893024618991
2023-04-30,Argentina,11297,0.558328874037355
2023-04-30,Brazil,88318,0.5360933129146946
2023-04-30,Chile,3059,0.615428896044459
2023-04-30,Colombia,128,0.5671496640625
2023-04-30,Ecuador,182,0.5261257087912088
2023-04-30,Paraguay,2234,0.5633320752014324
2023-04-30,Peru,92,0.6150963586956523
2023-04-30,Uruguay,5077,0.585690987000197
2023-04-30,Venezuela,19,0.7050564210526316
2023-05-01,Brazil,63977,0.53623881337043
2023-05-01,Colombia,432,0.6624069606481482
2023-05-01,Ecuador,446,0.5173251076233183
2023-05-01,Paraguay,1,0.89865
2023-05-01,Peru,219,0.575758301369863
2023-05-01,Venezuela,16,0.5995091874999999
2023-05-02,Argentina,30992,0.5659802135067113
2023-05-02,Bolivia,201,0.6072794029850747
2023-05-02,Brazil,287324,0.5345692378429926
2023-05-02,Chile,5478,0.5932019625775831
2023-05-02,Colombia,10246,0.5760683605309389
2023-05-02,Ecuador,2719,0.5652033115115851
2023-05-02,Paraguay,3202,0.5327656826983136
2023-05-02,Peru,4834,0.5661382196938353
2023-05-02,Uruguay,4954,0.5650017400080743
2023-05-02,Venezuela,3669,0.6396967721449986
2023-05-03,Argentina,22912,0.5612336454259776
2023-05-03,Bolivia,281,0.5847945195729538
2023-05-03,Brazil,105411,0.534614470823728
2023-05-03,Chile,6721,0.603751558101473
2023-05-03,Colombia,15729,0.5776718505944434
2023-05-03,Ecuador,2520,0.5968597595238095
2023-05-03,Paraguay,2909,0.552098610175318
2023-05-03,Peru,3218,0.5791661668738349
2023-05-03,Uruguay,3279,0.5706203760292772
2023-05-03,Venezuela,4534,0.629304152624614
2023-05-04,Argentina,47856,0.561609624122367
2023-05-04,Bolivia,307,0.5836558306188926
2023-05-04,Brazil,273436,0.5267701216774675
2023-05-04,Chile,8979,0.5847408216950662
2023-05-04,Colombia,15614,0.580387584667606
2023-05-04,Ecuador,2592,0.5842368132716049
2023-05-04,Paraguay,2683,0.5551747916511367
2023-05-04,Peru,5695,0.5855486823529412
2023-05-04,Uruguay,5153,0.5685059041335144
2023-05-04,Venezuela,4564,0.6368328413672217
2023-05-05,Argentina,47490,0.558009424742051
2023-05-05,Bolivia,847,0.5761099881936246
2023-05-05,Brazil,204902,0.5269821601106871
2023-05-05,Chile,9210,0.6370100457111836
2023-05-05,Colombia,9595,0.5659207009900991
2023-05-05,Ecuador,1936,0.6057324054752067
2023-05-05,Paraguay,2113,0.535357113582584
2023-05-05,Peru,5476,0.5980032792184077
2023-05-05,Uruguay,11634,0.5560232912154031
2023-05-05,Venezuela,2396,0.6117003201168615
2023-05-06,Argentina,30370,0.5733806820546592
2023-05-06,Bolivia,1068,0.5767026732209738
2023-05-06,Brazil,209974,0.5299969536275919
2023-05-06,Chile,5658,0.60877621456345
2023-05-06,Colombia,25162,0.5845100430013512
2023-05-06,Ecuador,12255,0.6072401211750306
2023-05-06,Paraguay,2988,0.5602699769076305
2023-05-06,Peru,6626,0.6085088155750077
2023-05-06,Uruguay,5389,0.569771042308406
2023-05-06,Venezuela,3317,0.6500157856496835
2023-05-07,Argentina,44102,0.5703453139086663
2023-05-07,Bolivia,1644,0.5736859057177616
2023-05-07,Brazil,215059,0.5284807484690248
2023-05-07,Chile,11650,0.6001311328755364
2023-05-07,Colombia,13512,0.5817888271906453
2023-05-07,Ecuador,1915,0.5924845169712794
2023-05-07,Paraguay,5832,0.5630070601851852
2023-05-07,Peru,4725,0.5748507811640212
2023-05-07,Uruguay,9178,0.5661636937241229
2023-05-07,Venezuela,4541,0.6432409407619467
2023-05-08,Argentina,18847,0.5704383551228313
2023-05-08,Bolivia,311,0.5749430643086818
2023-05-08,Brazil,129300,0.5348602418638825
2023-05-08,Chile,8273,0.5894402697933036
2023-05-08,Colombia,25076,0.560955512043388
2023-05-08,Ecuador,11381,0.543487547842896
2023-05-08,Paraguay,1600,0.5593840825
2023-05-08,Peru,3490,0.6137558962750715
2023-05-08,Uruguay,2524,0.5601931549128368
2023-05-08,Venezuela,4004,0.6224163608891108
2023-05-09,Argentina,24011,0.5572192062388072
2023-05-09,Bolivia,405,0.5783480888888888
2023-05-09,Brazil,157411,0.536785436773796
2023-05-09,Chile,3186,0.6031046823603265
2023-05-09,Paraguay,3511,0.5449000042722871
2023-05-09,Peru,1557,0.5858315478484265
2023-05-09,Uruguay,3709,0.5616053909409545
2023-05-10,Argentina,14770,0.5798734970209884
2023-05-10,Bolivia,232,0.5548121120689656
2023-05-10,Brazil,109613,0.5348758030708037
2023-05-10,Chile,5118,0.5925336443923408
2023-05-10,Colombia,15235,0.5756984482441747
2023-05-10,Ecuador,4442,0.5805359088248536
2023-05-10,Paraguay,1349,0.5667852653817643
2023-05-10,Peru,2033,0.5783726350221348
2023-05-10,Uruguay,2164,0.5625978290203327
2023-05-10,Venezuela,3206,0.6528769238927012
2023-05-11,Argentina,27,0.6018841851851853
2023-05-11,Bolivia,2,0.746451
2023-05-11,Brazil,248,0.5447741129032259
2023-05-11,Chile,17,0.5741144117647059
2023-05-11,Colombia,18,0.5478308333333334
2023-05-11,Ecuador,6,0.4781628333333333
2023-05-11,Paraguay,4,0.5485745
2023-05-11,Peru,2,0.436354
2023-05-11,Uruguay,4,0.49135275
2023-05-11,Venezuela,11,0.6114456363636364
2023-05-12,Argentina,35375,0.5636756860494699
2023-05-12,Bolivia,610,0.5923875081967213
2023-05-12,Brazil,198705,0.5288331332377142
2023-05-12,Chile,7409,0.5842402264813066
2023-05-12,Colombia,14864,0.5793978156620021
2023-05-12,Ecuador,5908,0.5569145082938389
2023-05-12,Paraguay,2560,0.568159210546875
2023-05-12,Peru,4694,0.5372337547933532
2023-05-12,Uruguay,3267,0.5552901056014693
2023-05-12,Venezuela,3433,0.6601748561025341
2023-05-13,Argentina,45710,0.5562694469481514
2023-05-13,Bolivia,877,0.5724319167616876
2023-05-13,Brazil,246029,0.5376273183161334
2023-05-13,Chile,11224,0.5929235641482538
2023-05-13,Colombia,19495,0.5727629447037701
2023-05-13,Ecuador,6275,0.6036424556175298
2023-05-13,Paraguay,3921,0.5625033284876306
2023-05-13,Peru,7478,0.5960064752607649
2023-05-13,Uruguay,4702,0.5642168751595066
2023-05-13,Venezuela,4502,0.646369025766326
2023-05-14,Argentina,40775,0.5609393497240956
2023-05-14,Bolivia,863,0.5478138667439165
2023-05-14,Brazil,210483,0.5344103111937781
2023-05-14,Chile,11189,0.6009520420055412
2023-05-14,Colombia,19426,0.568001592453413
2023-05-14,Ecuador,7261,0.5877624422255888
2023-05-14,Paraguay,3017,0.5550999105071263
2023-05-14,Peru,8225,0.6079025765349544
2023-05-14,Uruguay,5888,0.5985836542119565
2023-05-14,Venezuela,4012,0.6565902175972085
2023-05-15,Argentina,108402,0.5579238672072471
2023-05-15,Bolivia,2179,0.6057126154199175
2023-05-15,Brazil,583901,0.5239645105882675
2023-05-15,Chile,18176,0.6001425220620599
2023-05-15,Colombia,25678,0.5668210526520757
2023-05-15,Ecuador,32457,0.5570220648242289
2023-05-15,Paraguay,6775,0.5805678119557195
2023-05-15,Peru,23914,0.572372584260266
2023-05-15,Uruguay,10261,0.5564080673423644
2023-05-15,Venezuela,3947,0.6377432389156321
2023-05-16,Argentina,65580,0.5479138771881672
2023-05-16,Bolivia,2676,0.577231158445441
2023-05-16,Brazil,304641,0.5323938784667854
2023-05-16,Chile,18744,0.604699142498933
2023-05-16,Colombia,16444,0.5634072603381174
2023-05-16,Ecuador,6398,0.5671940475148484
2023-05-16,Paraguay,6163,0.5407959191951971
2023-05-16,Peru,7237,0.5738395956888213
2023-05-16,Uruguay,11323,0.5807600703877064
2023-05-16,Venezuela,4463,0.6511408695944432
2023-05-17,Argentina,38460,0.567138089677587
2023-05-17,Bolivia,1552,0.5095529207474226
2023-05-17,Brazil,375128,0.5368272906847796
2023-05-17,Chile,11178,0.607110731884058
2023-05-17,Colombia,26179,0.5789739422437832
2023-05-17,Ecuador,20017,0.5602978709097267
2023-05-17,Paraguay,4966,0.5252451413612564
2023-05-17,Peru,7193,0.5889638502710969
2023-05-17,Uruguay,8387,0.5912336021223322
2023-05-17,Venezuela,5029,0.6431503547424936
2023-05-18,Argentina,57353,0.570146236395655
2023-05-18,Bolivia,916,0.5666049126637555
2023-05-18,Brazil,251496,0.5299813478464865
2023-05-18,Chile,12382,0.6181096985139718
2023-05-18,Colombia,15933,0.5770019646645327
2023-05-18,Ecuador,2528,0.5771693283227849
2023-05-18,Paraguay,6528,0.5649244802389707
2023-05-18,Peru,7954,0.5828171722403822
2023-05-18,Uruguay,7983,0.5668055822372542
2023-05-18,Venezuela,4434,0.6602151274244475
2023-05-19,Argentina,22733,0.575302491004267
2023-05-19,Bolivia,342,0.6221435614035088
2023-05-19,Brazil,138405,0.5327875855279796
2023-05-19,Chile,6677,0.59718967740003
2023-05-19,Colombia,19081,0.5688237298359624
2023-05-19,Ecuador,5931,0.5794004287641206
2023-05-19,Paraguay,1656,0.5762660084541064
2023-05-19,Peru,3172,0.5941342890920555
2023-05-19,Uruguay,2704,0.5865584142011834
2023-05-19,Venezuela,4835,0.6378571238883144
2023-05-20,Argentina,74767,0.5689603787232335
2023-05-20,Bolivia,1300,0.5860445861538461
2023-05-20,Brazil,394853,0.5429789302499918
2023-05-20,Chile,13038,0.6187334032827121
2023-05-20,Colombia,27161,0.5766757542800339
2023-05-20,Ecuador,14054,0.5916667604240784
2023-05-20,Paraguay,7429,0.5977112708305291
2023-05-20,Peru,19795,0.5867501085627685
2023-05-20,Uruguay,7097,0.563665425109201
2023-05-20,Venezuela,4540,0.6359806147577093
2023-05-21,Argentina,54759,0.5745351701820706
2023-05-21,Bolivia,362,0.5103404281767956
2023-05-21,Brazil,314284,0.5291209490429039
2023-05-21,Chile,6598,0.6401650836617157
2023-05-21,Colombia,16396,0.5597500550134179
2023-05-21,Ecuador,14557,0.5644776520574294
2023-05-21,Paraguay,6706,0.5439413954667462
2023-05-21,Peru,16604,0.5774737303059503
2023-05-21,Uruguay,6995,0.573460553252323
2023-05-21,Venezuela,1028,0.6199565019455253
2023-05-22,Argentina,57623,0.5502372789337591
2023-05-22,Bolivia,156,0.5869106025641025
2023-05-22,Brazil,626608,0.5282623054828538
2023-05-22,Chile,6422,0.5999537099034569
2023-05-22,Colombia,36228,0.5393514163354312
2023-05-22,Ecuador,21537,0.6382224124529879
2023-05-22,Paraguay,6086,0.5768033810384489
2023-05-22,Peru,18992,0.604791418018113
2023-05-22,Uruguay,7972,0.5633152898896135
2023-05-22,Venezuela,2227,0.6364279025594971
2023-05-23,Argentina,21054,0.5727931643868149
2023-05-23,Bolivia,292,0.61257675
2023-05-23,Brazil,87780,0.5329412896331738
2023-05-23,Chile,6890,0.5917573956458635
2023-05-23,Colombia,14017,0.5742358638795748
2023-05-23,Ecuador,2165,0.6015087889145497
2023-05-23,Paraguay,1683,0.5711972792632206
2023-05-23,Peru,2409,0.5934502000830221
2023-05-23,Uruguay,2889,0.5696941883004499
2023-05-23,Venezuela,4423,0.6498983395885146
2023-05-24,Argentina,14333,0.5644714551036071
2023-05-24,Bolivia,211,0.5912236966824646
2023-05-24,Brazil,54583,0.5341903735595331
2023-05-24,Chile,4352,0.6038069347426471
2023-05-24,Colombia,10019,0.5708110118774329
2023-05-24,Ecuador,1514,0.5978623480845443
2023-05-24,Paraguay,1146,0.5886518839441537
2023-05-24,Peru,1728,0.5762783640046297
2023-05-24,Uruguay,2414,0.553993722038111
2023-05-24,Venezuela,2902,0.6505733356305996
2023-05-25,Argentina,22591,0.5932986036917356
2023-05-25,Bolivia,708,0.5623165508474576
2023-05-25,Brazil,74331,0.5389798454480634
2023-05-25,Chile,12111,0.643039653703245
2023-05-25,Colombia,278,0.5853360539568345
2023-05-25,Ecuador,495,0.6295649272727273
2023-05-25,Paraguay,2261,0.5891684201680673
2023-05-25,Peru,2159,0.5586061241315424
2023-05-25,Uruguay,4443,0.5695108298446995
2023-05-25,Venezuela,1398,0.6566566530758225
2023-05-26,Argentina,14630,0.5463925421736158
2023-05-26,Bolivia,122,0.5749268770491802
2023-05-26,Brazil,109112,0.5426040326728498
2023-05-26,Chile,3495,0.5989474895565093
2023-05-26,Colombia,7315,0.5998474475734792
2023-05-26,Ecuador,3082,0.5796467456197274
2023-05-26,Paraguay,1115,0.5741153318385649
2023-05-26,Peru,4403,0.6058851015216898
2023-05-26,Uruguay,1961,0.5562759321774605
2023-05-26,Venezuela,1972,0.6751895324543611
2023-05-27,Argentina,14665,0.5592643637913399
2023-05-27,Bolivia,110,0.6234151
2023-05-27,Brazil,155750,0.5325641133354735
2023-05-27,Chile,3630,0.6002753289256199
2023-05-27,Colombia,10105,0.5822410133597229
2023-05-27,Ecuador,6968,0.5949384213547645
2023-05-27,Paraguay,1747,0.5817357658843731
2023-05-27,Peru,2046,0.5731356852394917
2023-05-27,Uruguay,3788,0.5916924155227034
2023-05-27,Venezuela,1665,0.6374429741741741
2023-05-28,Argentina,32188,0.5600547111345844
2023-05-28,Bolivia,113,0.5447680707964602
2023-05-28,Brazil,199724,0.5375512418387375
2023-05-28,Chile,5138,0.5952914910471
2023-05-28,Colombia,5296,0.5620111676737161
2023-05-28,Ecuador,5163,0.5760230776680224
2023-05-28,Paraguay,2373,0.5657451306363253
2023-05-28,Peru,3235,0.5928337001545595
2023-05-28,Uruguay,3237,0.53420753197405
2023-05-28,Venezuela,1442,0.628510228848821
2023-05-29,Argentina,7189,0.5649340987619975
2023-05-29,Bolivia,114,0.5470435614035087
2023-05-29,Brazil,42716,0.5407987125198987
2023-05-29,Chile,2088,0.5977993754789273
2023-05-29,Colombia,7985,0.5644500563556669
2023-05-29,Ecuador,735,0.5822523768707484
2023-05-29,Paraguay,531,0.5731833653483992
2023-05-29,Peru,900,0.5911243288888889
2023-05-29,Uruguay,948,0.5639315348101266
2023-05-29,Venezuela,1576,0.6414109073604061
2023-05-30,Argentina,68163,0.5539080209644529
2023-05-30,Bolivia,120,0.6041856333333334
2023-05-30,Brazil,177430,0.5266290192244829
2023-05-30,Chile,7601,0.5834460109196159
2023-05-30,Colombia,7516,0.562326463411389
2023-05-30,Ecuador,3068,0.5397243784224249
2023-05-30,Paraguay,2316,0.5560689719343695
2023-05-30,Peru,2094,0.5836347072588348
2023-05-30,Uruguay,5414,0.5692483369043221
2023-05-30,Venezuela,1603,0.6518931653150344
2023-05-31,Argentina,46179,0.5633566584161632
2023-05-31,Bolivia,111,0.5728707657657657
2023-05-31,Brazil,325712,0.5277696320798743
2023-05-31,Chile,8042,0.6043215379258892
2023-05-31,Colombia,14178,0.5585660797009451
2023-05-31,Ecuador,7248,0.5643715554635762
2023-05-31,Paraguay,3663,0.5561746696696697
2023-05-31,Peru,4166,0.596618243398944
2023-05-31,Uruguay,5156,0.5570848636539953
2023-05-31,Venezuela,1571,0.6457925353278167
2023-06-01,Argentina,87271,0.5601358507293374
2023-06-01,Bolivia,115,0.6256350347826087
2023-06-01,Brazil,546542,0.529644473065199
2023-06-01,Chile,15289,0.617794070835241
2023-06-01,Colombia,21073,0.5879195265980164
2023-06-01,Ecuador,15411,0.5812410476283174
2023-06-01,Paraguay,5470,0.5755209740402194
2023-06-01,Peru,6249,0.6017378260521683
2023-06-01,Uruguay,8269,0.5475281830934817
2023-06-01,Venezuela,1527,0.6534761198428292
2023-06-02,Argentina,31491,0.5579239646248134
2023-06-02,Bolivia,107,0.5823165607476637
2023-06-02,Brazil,279843,0.5395419709587161
2023-06-02,Chile,4767,0.6086077654709462
2023-06-02,Colombia,18435,0.5708412112286412
2023-06-02,Ecuador,26712,0.5597304458295896
2023-06-02,Paraguay,2150,0.5550618186046511
2023-06-02,Peru,3043,0.6335854137364442
2023-06-02,Uruguay,3984,0.5682280235943773
2023-06-02,Venezuela,1353,0.6480344412416852
2023-06-03,Argentina,13426,0.5646372643378519
2023-06-03,Bolivia,163,0.5918846319018406
2023-06-03,Brazil,63766,0.5385434570617571
2023-06-03,Chile,4727,0.5995045587053099
2023-06-03,Colombia,6353,0.5793675688651031
2023-06-03,Ecuador,1427,0.5798697771548703
2023-06-03,Paraguay,632,0.5859655838607595
2023-06-03,Peru,1848,0.581403579004329
2023-06-03,Uruguay,1984,0.5753272943548388
2023-06-03,Venezuela,2469,0.6397475686512758
2023-06-04,Argentina,24031,0.5654399985851609
2023-06-04,Bolivia,91,0.5735928351648353
2023-06-04,Brazil,177113,0.5467689662136602
2023-06-04,Chile,5228,0.6107229355394033
2023-06-04,Colombia,34371,0.5760476922114574
2023-06-04,Ecuador,12037,0.5433633414472044
2023-06-04,Paraguay,1412,0.5860632223796034
2023-06-04,Peru,2683,0.6281099381289602
2023-06-04,Uruguay,4539,0.5670304397444371
2023-06-04,Venezuela,3883,0.639914635333505
2023-06-06,Argentina,37056,0.5570806981055699
2023-06-06,Bolivia,106,0.6144823867924529
2023-06-06,Brazil,157731,0.5307501220242058
2023-06-06,Chile,6384,0.6087478377192982
2023-06-06,Colombia,5183,0.5800792807254486
2023-06-06,Ecuador,744,0.6102891720430107
2023-06-06,Paraguay,2646,0.5578901088435374
2023-06-06,Peru,828,0.6002622512077296
2023-06-06,Uruguay,4518,0.5897475604249669
2023-06-06,Venezuela,1475,0.6428518318644068
2023-06-07,Argentina,7929,0.5805027924076176
2023-06-07,Bolivia,120,0.5897666916666666
2023-06-07,Brazil,42750,0.5390790006783626
2023-06-07,Chile,2613,0.5852404102564103
2023-06-07,Colombia,6707,0.5734145167735202
2023-06-07,Ecuador,3042,0.5457411985535832
2023-06-07,Paraguay,695,0.5805042575539568
2023-06-07,Peru,921,0.5798181672095548
2023-06-07,Uruguay,969,0.5552864334365326
2023-06-07,Venezuela,1534,0.6366598800521512
2023-06-08,Argentina,171985,0.5607469852719713
2023-06-08,Bolivia,127,0.5514793228346457
2023-06-08,Brazil,124155,0.5401053427409286
2023-06-08,Chile,23135,0.5886111917441106
2023-06-08,Colombia,5346,0.5806134766180321
2023-06-08,Ecuador,758,0.5948443298153034
2023-06-08,Paraguay,5858,0.5391017092864459
2023-06-08,Peru,868,0.6067879043778801
2023-06-08,Uruguay,18258,0.5632787545733378
2023-06-08,Venezuela,1538,0.6315236989596879
2023-06-09,Argentina,156420,0.5603454346694796
2023-06-09,Bolivia,180,0.5984282277777778
2023-06-09,Brazil,238012,0.5528883715232845
2023-06-09,Chile,21716,0.5862462673144226
2023-06-09,Colombia,9553,0.5889925654768136
2023-06-09,Ecuador,1349,0.6124427538917718
2023-06-09,Paraguay,16538,0.563249951324223
2023-06-09,Peru,1597,0.5684915961177207
2023-06-09,Uruguay,21193,0.5466182335676875
2023-06-09,Venezuela,2996,0.6470770797730307
2023-06-10,Argentina,15372,0.5756687470725995
2023-06-10,Bolivia,228,0.57356175
2023-06-10,Brazil,62526,0.543233413523974
2023-06-10,Chile,5005,0.5908481590409591
2023-06-10,Colombia,11748,0.589265032516173
2023-06-10,Ecuador,1783,0.6000586376892877
2023-06-10,Paraguay,1204,0.5828889526578073
2023-06-10,Peru,1829,0.5952965948605795
2023-06-10,Uruguay,1950,0.5810496805128205
2023-06-10,Venezuela,3262,0.6380517973635806
2023-06-11,Argentina,14260,0.5765827216690042
2023-06-11,Bolivia,209,0.5973659473684211
2023-06-11,Brazil,66714,0.5401138922564979
2023-06-11,Chile,4816,0.5904296845930234
2023-06-11,Colombia,9438,0.5876924690612418
2023-06-11,Ecuador,1632,0.5958960588235294
2023-06-11,Paraguay,983,0.5635614587995932
2023-06-11,Peru,1778,0.5790006676040494
2023-06-11,Uruguay,2908,0.5864775261348005
2023-06-11,Venezuela,3116,0.6357520500641848
2023-06-12,Argentina,16117,0.5660588427126637
2023-06-12,Bolivia,215,0.5858581302325582
2023-06-12,Brazil,71783,0.5473115741052895
2023-06-12,Chile,5045,0.5916072309217046
2023-06-12,Colombia,9771,0.5747737830314196
2023-06-12,Ecuador,1541,0.5949470201168072
2023-06-12,Paraguay,1053,0.5827888309591643
2023-06-12,Peru,1788,0.5807491862416109
2023-06-12,Uruguay,2390,0.595315031799163
2023-06-12,Venezuela,3512,0.642544826309795
2023-06-13,Argentina,22925,0.5574189106652127
2023-06-13,Bolivia,759,0.4898562134387351
2023-06-13,Brazil,168066,0.537816406316566
2023-06-13,Chile,7335,0.6085935625085208
2023-06-13,Colombia,10742,0.5842651709178924
2023-06-13,Ecuador,1796,0.589264218819599
2023-06-13,Paraguay,3434,0.5804405011648224
2023-06-13,Peru,4779,0.6051182259887006
2023-06-13,Uruguay,4749,0.5571990288481786
2023-06-13,Venezuela,6089,0.6507983668911151
2023-06-14,Argentina,18992,0.5636899602464196
2023-06-14,Bolivia,163,0.597456337423313
2023-06-14,Brazil,178055,0.5389360921906153
2023-06-14,Chile,4373,0.6065221596158243
2023-06-14,Colombia,7540,0.5792396505305041
2023-06-14,Ecuador,1103,0.6010654669084315
2023-06-14,Paraguay,3496,0.5541968506864988
2023-06-14,Peru,2577,0.5856575432673651
2023-06-14,Uruguay,3444,0.5710631643437863
2023-06-14,Venezuela,2872,0.642844082172702
2023-06-15,Argentina,21882,0.5592944002833379
2023-06-15,Bolivia,102,0.5848595098039215
2023-06-15,Brazil,86537,0.5306324316072893
2023-06-15,Chile,2269,0.5935605002203614
2023-06-15,Colombia,5473,0.579621308057738
2023-06-15,Ecuador,984,0.5603714979674796
2023-06-15,Paraguay,1372,0.5587317944606414
2023-06-15,Peru,2095,0.5865884887828162
2023-06-15,Uruguay,2344,0.5804638391638225
2023-06-15,Venezuela,2093,0.6230208862876254
2023-06-16,Argentina,6877,0.5752005063254326
2023-06-16,Bolivia,120,0.5969404416666666
2023-06-16,Brazil,132291,0.5330479062596851
2023-06-16,Chile,2641,0.5977688924649754
2023-06-16,Colombia,5104,0.5747819416144201
2023-06-16,Ecuador,1017,0.5502091248770895
2023-06-16,Paraguay,1443,0.5711279286209285
2023-06-16,Peru,4004,0.55745288011988
2023-06-16,Uruguay,929,0.5642350344456405
2023-06-16,Venezuela,2196,0.6385532422586522
2023-06-17,Argentina,16537,0.5626536164963415
2023-06-17,Bolivia,105,0.6052609523809525
2023-06-17,Brazil,187023,0.5420813894013036
2023-06-17,Chile,2162,0.607153512025902
2023-06-17,Colombia,4568,0.5736121094570928
2023-06-17,Ecuador,653,0.5635071868300153
2023-06-17,Paraguay,2173,0.5628378159226876
2023-06-17,Peru,4582,0.592168456132693
2023-06-17,Uruguay,1377,0.5579753710965868
2023-06-17,Venezuela,2171,0.6514475564256104
